,name,JASPAR,cluster
0,Runx1,JASPAR_vertebrates_CORE_MA0002.3_n850,114
1,Tfap2a,JASPAR_vertebrates_CORE_MA0003.5_n646,92
2,Arnt,JASPAR_vertebrates_CORE_MA0004.1_n1,21
3,Ahr::arnt,JASPAR_vertebrates_CORE_MA0006.2_n755,74
4,Ar,JASPAR_vertebrates_CORE_MA0007.4_n758,109
5,Tbxt,JASPAR_vertebrates_CORE_MA0009.2_n46,119
6,Pax5,JASPAR_vertebrates_CORE_MA0014.4_n283,94
7,Nr2f1,JASPAR_vertebrates_CORE_MA0017.3_n535,54
8,Creb1,JASPAR_vertebrates_CORE_MA0018.5_n240,129
9,Ddit3::cebpa,JASPAR_vertebrates_CORE_MA0019.2_n174,0
10,E2f1,JASPAR_vertebrates_CORE_MA0024.3_n109,100
11,Nfil3,JASPAR_vertebrates_CORE_MA0025.3_n511,25
12,En1,JASPAR_vertebrates_CORE_MA0027.3_n293,86
13,Elk1,JASPAR_vertebrates_CORE_MA0028.3_n277,83
14,Mecom,JASPAR_vertebrates_CORE_MA0029.2_n812,35
15,Foxf2,JASPAR_vertebrates_CORE_MA0030.2_n364,5
16,Foxd1,JASPAR_vertebrates_CORE_MA0031.2_n360,5
17,Foxc1,JASPAR_vertebrates_CORE_MA0032.2_n96,134
18,Foxl1,JASPAR_vertebrates_CORE_MA0033.2_n31,5
19,Gata1,JASPAR_vertebrates_CORE_MA0035.5_n377,96
20,Gata2,JASPAR_vertebrates_CORE_MA0036.4_n379,99
21,Gata3,JASPAR_vertebrates_CORE_MA0037.5_n789,99
22,Gfi1,JASPAR_vertebrates_CORE_MA0038.3_n388,0
23,Klf4,JASPAR_vertebrates_CORE_MA0039.5_n458,4
24,Foxq1,JASPAR_vertebrates_CORE_MA0040.2_n175,41
25,Foxd3,JASPAR_vertebrates_CORE_MA0041.3_n362,41
26,Foxi1,JASPAR_vertebrates_CORE_MA0042.2_n30,5
27,Hlf,JASPAR_vertebrates_CORE_MA0043.4_n406,25
28,Hnf1a,JASPAR_vertebrates_CORE_MA0046.3_n408,62
29,Foxa2,JASPAR_vertebrates_CORE_MA0047.4_n357,5
30,Nhlh1,JASPAR_vertebrates_CORE_MA0048.3_n303,7
31,Irf1,JASPAR_vertebrates_CORE_MA0050.4_n803,84
32,Irf2,JASPAR_vertebrates_CORE_MA0051.2_n441,130
33,Mef2a,JASPAR_vertebrates_CORE_MA0052.5_n479,139
34,Mzf1,JASPAR_vertebrates_CORE_MA0056.3_n502,16
35,Max,JASPAR_vertebrates_CORE_MA0058.4_n301,21
36,Max::myc,JASPAR_vertebrates_CORE_MA0059.2_n476,21
37,Nfya,JASPAR_vertebrates_CORE_MA0060.4_n515,98
38,Gabpa,JASPAR_vertebrates_CORE_MA0062.4_n376,31
39,Nkx2-5,JASPAR_vertebrates_CORE_MA0063.3_n522,69
40,Pparg::rxra,JASPAR_vertebrates_CORE_MA0065.3_n839,65
41,Pparg,JASPAR_vertebrates_CORE_MA0066.2_n578,58
42,Pax2,JASPAR_vertebrates_CORE_MA0067.3_n554,93
43,Pax4,JASPAR_vertebrates_CORE_MA0068.2_n43,115
44,Pax6,JASPAR_vertebrates_CORE_MA0069.1_n2,93
45,Pbx1,JASPAR_vertebrates_CORE_MA0070.2_n556,146
46,Rora,JASPAR_vertebrates_CORE_MA0071.1_n3,54
47,Rora,JASPAR_vertebrates_CORE_MA0072.2_n596,76
48,Rreb1,JASPAR_vertebrates_CORE_MA0073.2_n599,32
49,Rxra::vdr,JASPAR_vertebrates_CORE_MA0074.1_n4,58
50,Prrx2,JASPAR_vertebrates_CORE_MA0075.4_n582,125
51,Elk4,JASPAR_vertebrates_CORE_MA0076.3_n290,102
52,Sox9,JASPAR_vertebrates_CORE_MA0077.2_n619,143
53,Sox17,JASPAR_vertebrates_CORE_MA0078.3_n856,13
54,Sp1,JASPAR_vertebrates_CORE_MA0079.5_n151,4
55,Spi1,JASPAR_vertebrates_CORE_MA0080.7_n859,118
56,Spib,JASPAR_vertebrates_CORE_MA0081.3_n624,118
57,Srf,JASPAR_vertebrates_CORE_MA0083.3_n45,142
58,Sry,JASPAR_vertebrates_CORE_MA0084.2_n627,41
59,Sox5,JASPAR_vertebrates_CORE_MA0087.3_n858,143
60,Znf143,JASPAR_vertebrates_CORE_MA0088.2_n61,11
61,Mafg::nfe2l1,JASPAR_vertebrates_CORE_MA0089.3_n475,36
62,Tead1,JASPAR_vertebrates_CORE_MA0090.4_n642,136
63,Tal1::tcf3,JASPAR_vertebrates_CORE_MA0091.2_n631,29
64,Hand1::tcf3,JASPAR_vertebrates_CORE_MA0092.2_n794,30
65,Usf1,JASPAR_vertebrates_CORE_MA0093.4_n668,101
66,Yy1,JASPAR_vertebrates_CORE_MA0095.4_n872,19
67,Ets1,JASPAR_vertebrates_CORE_MA0098.4_n309,83
68,Fos::jun,JASPAR_vertebrates_CORE_MA0099.4_n335,89
69,Myb,JASPAR_vertebrates_CORE_MA0100.4_n497,63
70,Rel,JASPAR_vertebrates_CORE_MA0101.1_n5,16
71,Cebpa,JASPAR_vertebrates_CORE_MA0102.5_n234,66
72,Zeb1,JASPAR_vertebrates_CORE_MA0103.4_n688,34
73,Mycn,JASPAR_vertebrates_CORE_MA0104.5_n498,21
74,Nfkb1,JASPAR_vertebrates_CORE_MA0105.4_n69,132
75,Tp53,JASPAR_vertebrates_CORE_MA0106.3_n106,137
76,Rela,JASPAR_vertebrates_CORE_MA0107.1_n6,16
77,Tbp,JASPAR_vertebrates_CORE_MA0108.3_n879,50
78,Spz1,JASPAR_vertebrates_CORE_MA0111.1_n744,26
79,Esr1,JASPAR_vertebrates_CORE_MA0112.4_n305,58
80,Nr3c1,JASPAR_vertebrates_CORE_MA0113.4_n538,109
81,Hnf4a,JASPAR_vertebrates_CORE_MA0114.5_n410,131
82,Nr1h2::rxra,JASPAR_vertebrates_CORE_MA0115.1_n7,65
83,Znf423,JASPAR_vertebrates_CORE_MA0116.1_n8,32
84,Mafb,JASPAR_vertebrates_CORE_MA0117.3_n810,80
85,Nfic::tlx1,JASPAR_vertebrates_CORE_MA0119.1_n9,82
86,Nkx3-2,JASPAR_vertebrates_CORE_MA0122.4_n824,17
87,Nkx3-1,JASPAR_vertebrates_CORE_MA0124.3_n823,17
88,Nobox,JASPAR_vertebrates_CORE_MA0125.2_n825,86
89,Znf354c,JASPAR_vertebrates_CORE_MA0130.1_n10,70
90,Hinfp,JASPAR_vertebrates_CORE_MA0131.3_n405,8
91,Pdx1,JASPAR_vertebrates_CORE_MA0132.3_n559,106
92,Lhx3,JASPAR_vertebrates_CORE_MA0135.2_n807,47
93,Elf5,JASPAR_vertebrates_CORE_MA0136.4_n781,31
94,Stat1,JASPAR_vertebrates_CORE_MA0137.4_n628,85
95,Rest,JASPAR_vertebrates_CORE_MA0138.3_n590,32
96,Ctcf,JASPAR_vertebrates_CORE_MA0139.2_n246,14
97,Gata1::tal1,JASPAR_vertebrates_CORE_MA0140.3_n378,27
98,Esrrb,JASPAR_vertebrates_CORE_MA0141.4_n307,54
99,Pou5f1::sox2,JASPAR_vertebrates_CORE_MA0142.1_n11,57
100,Sox2,JASPAR_vertebrates_CORE_MA0143.5_n386,143
101,Stat3,JASPAR_vertebrates_CORE_MA0144.3_n630,85
102,Tfcp2l1,JASPAR_vertebrates_CORE_MA0145.2_n17,14
103,Zfx,JASPAR_vertebrates_CORE_MA0146.3_n874,144
104,Myc,JASPAR_vertebrates_CORE_MA0147.4_n477,21
105,Foxa1,JASPAR_vertebrates_CORE_MA0148.5_n356,5
106,Ewsr1-fli1,JASPAR_vertebrates_CORE_MA0149.1_n12,33
107,Nfe2l2,JASPAR_vertebrates_CORE_MA0150.3_n821,36
108,Arid3a,JASPAR_vertebrates_CORE_MA0151.1_n13,2
109,Nfatc2,JASPAR_vertebrates_CORE_MA0152.3_n820,51
110,Hnf1b,JASPAR_vertebrates_CORE_MA0153.2_n32,62
111,Ebf1,JASPAR_vertebrates_CORE_MA0154.5_n268,111
112,Insm1,JASPAR_vertebrates_CORE_MA0155.1_n14,64
113,Fev,JASPAR_vertebrates_CORE_MA0156.4_n329,83
114,Foxo3,JASPAR_vertebrates_CORE_MA0157.4_n788,5
115,Hoxa5,JASPAR_vertebrates_CORE_MA0158.2_n139,141
116,Rara::rxra,JASPAR_vertebrates_CORE_MA0159.1_n15,6
117,Nr4a2,JASPAR_vertebrates_CORE_MA0160.3_n541,54
118,Nfic,JASPAR_vertebrates_CORE_MA0161.3_n509,53
119,Egr1,JASPAR_vertebrates_CORE_MA0162.5_n270,56
120,Plag1,JASPAR_vertebrates_CORE_MA0163.1_n16,32
121,Nr2e3,JASPAR_vertebrates_CORE_MA0164.2_n831,60
122,Esr2,JASPAR_vertebrates_CORE_MA0258.2_n20,58
123,Arnt::hif1a,JASPAR_vertebrates_CORE_MA0259.2_n172,133
124,Sox10,JASPAR_vertebrates_CORE_MA0442.3_n612,13
125,Atoh1,JASPAR_vertebrates_CORE_MA0461.3_n764,45
126,Batf::jun,JASPAR_vertebrates_CORE_MA0462.3_n223,116
127,Bcl6,JASPAR_vertebrates_CORE_MA0463.3_n226,11
128,Bhlhe40,JASPAR_vertebrates_CORE_MA0464.3_n229,21
129,Cdx2,JASPAR_vertebrates_CORE_MA0465.3_n232,10
130,Cebpb,JASPAR_vertebrates_CORE_MA0466.4_n235,66
131,Crx,JASPAR_vertebrates_CORE_MA0467.3_n771,112
132,Dux4,JASPAR_vertebrates_CORE_MA0468.1_n18,47
133,E2f3,JASPAR_vertebrates_CORE_MA0469.4_n263,100
134,E2f4,JASPAR_vertebrates_CORE_MA0470.3_n265,100
135,E2f6,JASPAR_vertebrates_CORE_MA0471.3_n266,79
136,Egr2,JASPAR_vertebrates_CORE_MA0472.2_n57,56
137,Elf1,JASPAR_vertebrates_CORE_MA0473.4_n274,31
138,Erg,JASPAR_vertebrates_CORE_MA0474.4_n783,31
139,Fli1,JASPAR_vertebrates_CORE_MA0475.3_n330,83
140,Fos,JASPAR_vertebrates_CORE_MA0476.2_n333,89
141,Fosl1,JASPAR_vertebrates_CORE_MA0477.3_n344,89
142,Fosl2,JASPAR_vertebrates_CORE_MA0478.2_n349,89
143,Foxh1,JASPAR_vertebrates_CORE_MA0479.2_n365,127
144,Foxo1,JASPAR_vertebrates_CORE_MA0480.3_n782,5
145,Foxp1,JASPAR_vertebrates_CORE_MA0481.4_n374,5
146,Gata4,JASPAR_vertebrates_CORE_MA0482.3_n380,99
147,Gfi1b,JASPAR_vertebrates_CORE_MA0483.2_n790,0
148,Hnf4g,JASPAR_vertebrates_CORE_MA0484.3_n411,131
149,Hoxc9,JASPAR_vertebrates_CORE_MA0485.3_n432,104
150,Hsf1,JASPAR_vertebrates_CORE_MA0486.2_n33,75
151,Jun,JASPAR_vertebrates_CORE_MA0488.2_n224,129
152,Jun,JASPAR_vertebrates_CORE_MA0489.3_n767,89
153,Junb,JASPAR_vertebrates_CORE_MA0490.3_n339,89
154,Jund,JASPAR_vertebrates_CORE_MA0491.3_n342,89
155,Jund,JASPAR_vertebrates_CORE_MA0492.2_n341,129
156,Klf1,JASPAR_vertebrates_CORE_MA0493.3_n451,4
157,Nr1h3::rxra,JASPAR_vertebrates_CORE_MA0494.2_n829,6
158,Maff,JASPAR_vertebrates_CORE_MA0495.4_n474,80
159,Mafk,JASPAR_vertebrates_CORE_MA0496.4_n215,36
160,Mef2c,JASPAR_vertebrates_CORE_MA0497.2_n480,139
161,Meis1,JASPAR_vertebrates_CORE_MA0498.3_n481,9
162,Myod1,JASPAR_vertebrates_CORE_MA0499.3_n500,34
163,Myog,JASPAR_vertebrates_CORE_MA0500.3_n501,7
164,Maf::nfe2,JASPAR_vertebrates_CORE_MA0501.2_n471,36
165,Nfyb,JASPAR_vertebrates_CORE_MA0502.3_n516,19
166,Nr2c2,JASPAR_vertebrates_CORE_MA0504.2_n533,65
167,Nr5a2,JASPAR_vertebrates_CORE_MA0505.3_n834,54
168,Nrf1,JASPAR_vertebrates_CORE_MA0506.3_n835,144
169,Pou2f2,JASPAR_vertebrates_CORE_MA0507.3_n566,135
170,Prdm1,JASPAR_vertebrates_CORE_MA0508.4_n579,40
171,Rfx1,JASPAR_vertebrates_CORE_MA0509.3_n152,120
172,Rfx5,JASPAR_vertebrates_CORE_MA0510.3_n593,120
173,Runx2,JASPAR_vertebrates_CORE_MA0511.2_n80,114
174,Rxra,JASPAR_vertebrates_CORE_MA0512.2_n44,65
175,Sox3,JASPAR_vertebrates_CORE_MA0514.3_n857,143
176,Sox6,JASPAR_vertebrates_CORE_MA0515.1_n19,13
177,Sp2,JASPAR_vertebrates_CORE_MA0516.3_n153,4
178,Stat1::stat2,JASPAR_vertebrates_CORE_MA0517.2_n629,84
179,Stat4,JASPAR_vertebrates_CORE_MA0518.2_n861,85
180,Stat5a::stat5b,JASPAR_vertebrates_CORE_MA0519.2_n863,85
181,Stat6,JASPAR_vertebrates_CORE_MA0520.2_n865,85
182,Tcf12,JASPAR_vertebrates_CORE_MA0521.3_n867,7
183,Tcf3,JASPAR_vertebrates_CORE_MA0522.4_n397,34
184,Tcf7l2,JASPAR_vertebrates_CORE_MA0523.2_n640,91
185,Tfap2c,JASPAR_vertebrates_CORE_MA0524.3_n649,42
186,Tp63,JASPAR_vertebrates_CORE_MA0525.2_n105,137
187,Usf2,JASPAR_vertebrates_CORE_MA0526.5_n669,101
188,Zbtb33,JASPAR_vertebrates_CORE_MA0527.2_n683,74
189,Znf263,JASPAR_vertebrates_CORE_MA0528.3_n704,140
190,Bach1::mafk,JASPAR_vertebrates_CORE_MA0591.2_n766,36
191,Esrra,JASPAR_vertebrates_CORE_MA0592.4_n306,54
192,Foxp2,JASPAR_vertebrates_CORE_MA0593.2_n375,5
193,Hoxa9,JASPAR_vertebrates_CORE_MA0594.3_n416,18
194,Srebf1,JASPAR_vertebrates_CORE_MA0595.1_n21,121
195,Srebf2,JASPAR_vertebrates_CORE_MA0596.1_n22,121
196,Thap1,JASPAR_vertebrates_CORE_MA0597.3_n658,64
197,Ehf,JASPAR_vertebrates_CORE_MA0598.4_n273,31
198,Klf5,JASPAR_vertebrates_CORE_MA0599.1_n23,4
199,Rfx2,JASPAR_vertebrates_CORE_MA0600.3_n591,120
200,Arid3b,JASPAR_vertebrates_CORE_MA0601.2_n759,2
201,Arid5a,JASPAR_vertebrates_CORE_MA0602.2_n760,148
202,Arntl,JASPAR_vertebrates_CORE_MA0603.2_n761,59
203,Atf1,JASPAR_vertebrates_CORE_MA0604.1_n24,147
204,Atf3,JASPAR_vertebrates_CORE_MA0605.3_n211,81
205,Nfat5,JASPAR_vertebrates_CORE_MA0606.3_n818,51
206,Bhlha15,JASPAR_vertebrates_CORE_MA0607.2_n154,45
207,Creb3l2,JASPAR_vertebrates_CORE_MA0608.1_n25,21
208,Crem,JASPAR_vertebrates_CORE_MA0609.3_n245,81
209,Dmrt3,JASPAR_vertebrates_CORE_MA0610.2_n256,88
210,Dux,JASPAR_vertebrates_CORE_MA0611.3_n779,47
211,Emx1,JASPAR_vertebrates_CORE_MA0612.3_n291,106
212,Foxg1,JASPAR_vertebrates_CORE_MA0613.1_n26,5
213,Foxj2,JASPAR_vertebrates_CORE_MA0614.1_n27,5
214,Gmeb1,JASPAR_vertebrates_CORE_MA0615.2_n793,123
215,Hes2,JASPAR_vertebrates_CORE_MA0616.3_n400,46
216,Lbx1,JASPAR_vertebrates_CORE_MA0618.2_n462,125
217,Lin54,JASPAR_vertebrates_CORE_MA0619.2_n878,50
218,Mitf,JASPAR_vertebrates_CORE_MA0620.4_n488,101
219,Mix-a,JASPAR_vertebrates_CORE_MA0621.2_n171,115
220,Mlxip,JASPAR_vertebrates_CORE_MA0622.2_n813,21
221,Neurog1,JASPAR_vertebrates_CORE_MA0623.2_n141,45
222,Nfatc1,JASPAR_vertebrates_CORE_MA0624.3_n819,51
223,Nfatc3,JASPAR_vertebrates_CORE_MA0625.3_n505,51
224,Npas2,JASPAR_vertebrates_CORE_MA0626.2_n826,21
225,Pou2f3,JASPAR_vertebrates_CORE_MA0627.3_n567,78
226,Pou6f1,JASPAR_vertebrates_CORE_MA0628.2_n573,106
227,Rhox11,JASPAR_vertebrates_CORE_MA0629.2_n849,12
228,Shox,JASPAR_vertebrates_CORE_MA0630.2_n604,86
229,Six3,JASPAR_vertebrates_CORE_MA0631.2_n852,26
230,Tcfl5,JASPAR_vertebrates_CORE_MA0632.3_n641,74
231,Twist2,JASPAR_vertebrates_CORE_MA0633.3_n869,7
232,Alx3,JASPAR_vertebrates_CORE_MA0634.2_n204,86
233,Barhl2,JASPAR_vertebrates_CORE_MA0635.2_n219,124
234,Bhlhe41,JASPAR_vertebrates_CORE_MA0636.1_n28,101
235,Creb3,JASPAR_vertebrates_CORE_MA0638.2_n241,107
236,Dbp,JASPAR_vertebrates_CORE_MA0639.2_n253,138
237,Elf3,JASPAR_vertebrates_CORE_MA0640.3_n276,31
238,Elf4,JASPAR_vertebrates_CORE_MA0641.1_n29,83
239,En2,JASPAR_vertebrates_CORE_MA0642.3_n294,125
240,Esrrg,JASPAR_vertebrates_CORE_MA0643.2_n784,54
241,Esx1,JASPAR_vertebrates_CORE_MA0644.3_n308,125
242,Etv6,JASPAR_vertebrates_CORE_MA0645.2_n326,102
243,Gcm1,JASPAR_vertebrates_CORE_MA0646.2_n385,122
244,Grhl1,JASPAR_vertebrates_CORE_MA0647.2_n391,52
245,Gsc,JASPAR_vertebrates_CORE_MA0648.2_n393,112
246,Hey2,JASPAR_vertebrates_CORE_MA0649.2_n402,46
247,Hoxa13,JASPAR_vertebrates_CORE_MA0650.4_n772,10
248,Hoxc11,JASPAR_vertebrates_CORE_MA0651.3_n427,104
249,Irf8,JASPAR_vertebrates_CORE_MA0652.2_n445,130
250,Irf9,JASPAR_vertebrates_CORE_MA0653.1_n34,130
251,Isx,JASPAR_vertebrates_CORE_MA0654.2_n447,86
252,Jdp2,JASPAR_vertebrates_CORE_MA0655.1_n35,89
253,Jdp2,JASPAR_vertebrates_CORE_MA0656.2_n448,81
254,Klf13,JASPAR_vertebrates_CORE_MA0657.2_n453,14
255,Lhx6,JASPAR_vertebrates_CORE_MA0658.2_n466,115
256,Mafg,JASPAR_vertebrates_CORE_MA0659.4_n811,36
257,Mef2b,JASPAR_vertebrates_CORE_MA0660.1_n36,139
258,Meox1,JASPAR_vertebrates_CORE_MA0661.2_n485,141
259,Mixl1,JASPAR_vertebrates_CORE_MA0662.2_n489,86
260,Mlx,JASPAR_vertebrates_CORE_MA0663.1_n37,101
261,Mlxipl,JASPAR_vertebrates_CORE_MA0664.2_n490,59
262,Msc,JASPAR_vertebrates_CORE_MA0665.1_n38,39
263,Msx1,JASPAR_vertebrates_CORE_MA0666.3_n494,86
264,Myf6,JASPAR_vertebrates_CORE_MA0667.1_n39,39
265,Neurod2,JASPAR_vertebrates_CORE_MA0668.3_n817,29
266,Neurog2,JASPAR_vertebrates_CORE_MA0669.1_n40,45
267,Nfia,JASPAR_vertebrates_CORE_MA0670.2_n507,53
268,Nfix,JASPAR_vertebrates_CORE_MA0671.2_n512,53
269,Nkx2-3,JASPAR_vertebrates_CORE_MA0672.2_n520,17
270,Nkx2-8,JASPAR_vertebrates_CORE_MA0673.2_n523,17
271,Nkx6-1,JASPAR_vertebrates_CORE_MA0674.2_n524,115
272,Nkx6-2,JASPAR_vertebrates_CORE_MA0675.2_n525,106
273,Nr2e1,JASPAR_vertebrates_CORE_MA0676.1_n41,28
274,Nr2f6,JASPAR_vertebrates_CORE_MA0677.2_n832,65
275,Olig2,JASPAR_vertebrates_CORE_MA0678.1_n42,45
276,Onecut1,JASPAR_vertebrates_CORE_MA0679.3_n545,73
277,Pax7,JASPAR_vertebrates_CORE_MA0680.3_n837,2
278,Phox2b,JASPAR_vertebrates_CORE_MA0681.3_n560,47
279,Pitx1,JASPAR_vertebrates_CORE_MA0682.3_n367,112
280,Pou4f2,JASPAR_vertebrates_CORE_MA0683.2_n570,62
281,Runx3,JASPAR_vertebrates_CORE_MA0684.3_n600,114
282,Sp4,JASPAR_vertebrates_CORE_MA0685.2_n155,4
283,Spdef,JASPAR_vertebrates_CORE_MA0686.2_n285,83
284,Spic,JASPAR_vertebrates_CORE_MA0687.2_n625,118
285,Tbx2,JASPAR_vertebrates_CORE_MA0688.2_n635,44
286,Tbx20,JASPAR_vertebrates_CORE_MA0689.1_n47,44
287,Tbx21,JASPAR_vertebrates_CORE_MA0690.3_n205,44
288,Tfap4,JASPAR_vertebrates_CORE_MA0691.1_n48,39
289,Tfeb,JASPAR_vertebrates_CORE_MA0692.2_n656,59
290,Vdr,JASPAR_vertebrates_CORE_MA0693.4_n870,28
291,Zbtb7b,JASPAR_vertebrates_CORE_MA0694.2_n686,90
292,Zbtb7c,JASPAR_vertebrates_CORE_MA0695.2_n687,90
293,Zic1,JASPAR_vertebrates_CORE_MA0696.1_n49,1
294,Zic3,JASPAR_vertebrates_CORE_MA0697.3_n877,43
295,Zbtb18,JASPAR_vertebrates_CORE_MA0698.2_n681,29
296,Lbx2,JASPAR_vertebrates_CORE_MA0699.2_n463,86
297,Lhx2,JASPAR_vertebrates_CORE_MA0700.3_n464,86
298,Lhx9,JASPAR_vertebrates_CORE_MA0701.3_n467,125
299,Lmx1a,JASPAR_vertebrates_CORE_MA0702.3_n468,115
300,Lmx1b,JASPAR_vertebrates_CORE_MA0703.3_n469,115
301,Lhx4,JASPAR_vertebrates_CORE_MA0704.2_n808,106
302,Lhx8,JASPAR_vertebrates_CORE_MA0705.2_n809,106
303,Meox2,JASPAR_vertebrates_CORE_MA0706.2_n486,141
304,Mnx1,JASPAR_vertebrates_CORE_MA0707.3_n492,106
305,Msx2,JASPAR_vertebrates_CORE_MA0708.3_n495,86
306,Msx3,JASPAR_vertebrates_CORE_MA0709.2_n815,86
307,Noto,JASPAR_vertebrates_CORE_MA0710.2_n527,125
308,Otx1,JASPAR_vertebrates_CORE_MA0711.2_n549,112
309,Otx2,JASPAR_vertebrates_CORE_MA0712.3_n550,96
310,Phox2a,JASPAR_vertebrates_CORE_MA0713.1_n50,47
311,Pitx3,JASPAR_vertebrates_CORE_MA0714.2_n561,112
312,Prop1,JASPAR_vertebrates_CORE_MA0715.1_n51,47
313,Prrx1,JASPAR_vertebrates_CORE_MA0716.2_n581,86
314,Rax2,JASPAR_vertebrates_CORE_MA0717.2_n587,86
315,Rax,JASPAR_vertebrates_CORE_MA0718.2_n586,86
316,Rhoxf1,JASPAR_vertebrates_CORE_MA0719.2_n595,96
317,Shox2,JASPAR_vertebrates_CORE_MA0720.2_n851,86
318,Uncx,JASPAR_vertebrates_CORE_MA0721.2_n667,86
319,Vax1,JASPAR_vertebrates_CORE_MA0722.2_n670,125
320,Vax2,JASPAR_vertebrates_CORE_MA0723.3_n671,106
321,Ventx,JASPAR_vertebrates_CORE_MA0724.1_n52,2
322,Vsx1,JASPAR_vertebrates_CORE_MA0725.2_n673,125
323,Vsx2,JASPAR_vertebrates_CORE_MA0726.2_n674,125
324,Nr3c2,JASPAR_vertebrates_CORE_MA0727.2_n539,109
325,Nr2f6,JASPAR_vertebrates_CORE_MA0728.1_n53,3
326,Rara,JASPAR_vertebrates_CORE_MA0729.1_n54,3
327,Rara,JASPAR_vertebrates_CORE_MA0730.1_n55,6
328,Bcl6b,JASPAR_vertebrates_CORE_MA0731.1_n56,11
329,Egr3,JASPAR_vertebrates_CORE_MA0732.2_n271,56
330,Egr4,JASPAR_vertebrates_CORE_MA0733.2_n272,56
331,Gli2,JASPAR_vertebrates_CORE_MA0734.4_n792,90
332,Glis1,JASPAR_vertebrates_CORE_MA0735.2_n390,1
333,Glis2,JASPAR_vertebrates_CORE_MA0736.1_n58,1
334,Glis3,JASPAR_vertebrates_CORE_MA0737.1_n59,1
335,Hic2,JASPAR_vertebrates_CORE_MA0738.2_n403,53
336,Hic1,JASPAR_vertebrates_CORE_MA0739.2_n795,53
337,Klf14,JASPAR_vertebrates_CORE_MA0740.2_n156,4
338,Klf16,JASPAR_vertebrates_CORE_MA0741.1_n60,77
339,Klf12,JASPAR_vertebrates_CORE_MA0742.2_n157,4
340,Scrt1,JASPAR_vertebrates_CORE_MA0743.3_n602,61
341,Scrt2,JASPAR_vertebrates_CORE_MA0744.3_n603,61
342,Snai2,JASPAR_vertebrates_CORE_MA0745.3_n609,34
343,Sp3,JASPAR_vertebrates_CORE_MA0746.3_n620,77
344,Sp8,JASPAR_vertebrates_CORE_MA0747.2_n622,77
345,Yy2,JASPAR_vertebrates_CORE_MA0748.3_n676,68
346,Zbed1,JASPAR_vertebrates_CORE_MA0749.2_n677,72
347,Zbtb7a,JASPAR_vertebrates_CORE_MA0750.3_n685,102
348,Zic4,JASPAR_vertebrates_CORE_MA0751.2_n691,1
349,Znf410,JASPAR_vertebrates_CORE_MA0752.2_n716,11
350,Znf740,JASPAR_vertebrates_CORE_MA0753.3_n735,71
351,Cux1,JASPAR_vertebrates_CORE_MA0754.3_n250,73
352,Cux2,JASPAR_vertebrates_CORE_MA0755.2_n252,73
353,Onecut2,JASPAR_vertebrates_CORE_MA0756.3_n264,73
354,Onecut3,JASPAR_vertebrates_CORE_MA0757.2_n546,73
355,E2f7,JASPAR_vertebrates_CORE_MA0758.1_n62,128
356,Elk3,JASPAR_vertebrates_CORE_MA0759.3_n289,83
357,Erf,JASPAR_vertebrates_CORE_MA0760.2_n295,83
358,Etv1,JASPAR_vertebrates_CORE_MA0761.3_n311,31
359,Etv2,JASPAR_vertebrates_CORE_MA0762.2_n312,83
360,Etv3,JASPAR_vertebrates_CORE_MA0763.2_n317,83
361,Etv4,JASPAR_vertebrates_CORE_MA0764.4_n318,83
362,Etv5,JASPAR_vertebrates_CORE_MA0765.4_n319,83
363,Gata5,JASPAR_vertebrates_CORE_MA0766.3_n381,99
364,Gcm2,JASPAR_vertebrates_CORE_MA0767.2_n387,122
365,Lef1,JASPAR_vertebrates_CORE_MA0768.3_n805,91
366,Tcf7,JASPAR_vertebrates_CORE_MA0769.3_n639,91
367,Hsf2,JASPAR_vertebrates_CORE_MA0770.1_n63,75
368,Hsf4,JASPAR_vertebrates_CORE_MA0771.1_n64,75
369,Irf7,JASPAR_vertebrates_CORE_MA0772.2_n444,84
370,Mef2d,JASPAR_vertebrates_CORE_MA0773.1_n65,139
371,Meis2,JASPAR_vertebrates_CORE_MA0774.1_n66,9
372,Meis3,JASPAR_vertebrates_CORE_MA0775.2_n484,9
373,Mybl1,JASPAR_vertebrates_CORE_MA0776.1_n67,60
374,Mybl2,JASPAR_vertebrates_CORE_MA0777.1_n68,60
375,Nfkb2,JASPAR_vertebrates_CORE_MA0778.2_n514,132
376,Pax1,JASPAR_vertebrates_CORE_MA0779.2_n282,93
377,Pax3,JASPAR_vertebrates_CORE_MA0780.1_n70,2
378,Pax9,JASPAR_vertebrates_CORE_MA0781.2_n284,93
379,Pknox1,JASPAR_vertebrates_CORE_MA0782.3_n562,9
380,Pknox2,JASPAR_vertebrates_CORE_MA0783.1_n71,87
381,Pou1f1,JASPAR_vertebrates_CORE_MA0784.3_n564,135
382,Pou2f1,JASPAR_vertebrates_CORE_MA0785.2_n565,78
383,Pou3f1,JASPAR_vertebrates_CORE_MA0786.2_n568,78
384,Pou3f2,JASPAR_vertebrates_CORE_MA0787.1_n72,135
385,Pou3f3,JASPAR_vertebrates_CORE_MA0788.1_n73,135
386,Pou3f4,JASPAR_vertebrates_CORE_MA0789.1_n74,78
387,Pou4f1,JASPAR_vertebrates_CORE_MA0790.2_n569,62
388,Pou4f3,JASPAR_vertebrates_CORE_MA0791.2_n571,62
389,Pou5f1b,JASPAR_vertebrates_CORE_MA0792.1_n75,78
390,Pou6f2,JASPAR_vertebrates_CORE_MA0793.2_n575,55
391,Prox1,JASPAR_vertebrates_CORE_MA0794.1_n76,72
392,Smad3,JASPAR_vertebrates_CORE_MA0795.1_n77,49
393,Tgif1,JASPAR_vertebrates_CORE_MA0796.1_n78,87
394,Tgif2,JASPAR_vertebrates_CORE_MA0797.1_n79,87
395,Rfx3,JASPAR_vertebrates_CORE_MA0798.3_n158,120
396,Rfx4,JASPAR_vertebrates_CORE_MA0799.3_n592,126
397,Eomes,JASPAR_vertebrates_CORE_MA0800.2_n278,44
398,Mga,JASPAR_vertebrates_CORE_MA0801.1_n81,44
399,Tbr1,JASPAR_vertebrates_CORE_MA0802.2_n632,44
400,Tbx15,JASPAR_vertebrates_CORE_MA0803.1_n82,44
401,Tbx19,JASPAR_vertebrates_CORE_MA0804.2_n634,119
402,Tbx1,JASPAR_vertebrates_CORE_MA0805.1_n83,44
403,Tbx4,JASPAR_vertebrates_CORE_MA0806.1_n84,44
404,Tbx5,JASPAR_vertebrates_CORE_MA0807.1_n85,44
405,Tead3,JASPAR_vertebrates_CORE_MA0808.1_n86,136
406,Tead4,JASPAR_vertebrates_CORE_MA0809.3_n644,136
407,Tfap2a,JASPAR_vertebrates_CORE_MA0810.2_n645,42
408,Tfap2b,JASPAR_vertebrates_CORE_MA0811.2_n647,42
409,Tfap2b,JASPAR_vertebrates_CORE_MA0812.2_n648,92
410,Tfap2b,JASPAR_vertebrates_CORE_MA0813.1_n87,42
411,Tfap2c,JASPAR_vertebrates_CORE_MA0814.3_n650,92
412,Tfap2c,JASPAR_vertebrates_CORE_MA0815.1_n88,42
413,Ascl2,JASPAR_vertebrates_CORE_MA0816.1_n89,39
414,Bhlhe23,JASPAR_vertebrates_CORE_MA0817.2_n228,45
415,Bhlhe22,JASPAR_vertebrates_CORE_MA0818.2_n159,45
416,Clock,JASPAR_vertebrates_CORE_MA0819.3_n239,21
417,Figla,JASPAR_vertebrates_CORE_MA0820.2_n297,34
418,Hes5,JASPAR_vertebrates_CORE_MA0821.2_n160,46
419,Hes7,JASPAR_vertebrates_CORE_MA0822.1_n90,46
420,Hey1,JASPAR_vertebrates_CORE_MA0823.1_n91,46
421,Mnt,JASPAR_vertebrates_CORE_MA0825.2_n491,21
422,Olig1,JASPAR_vertebrates_CORE_MA0826.1_n92,45
423,Olig3,JASPAR_vertebrates_CORE_MA0827.1_n93,45
424,Srebf2,JASPAR_vertebrates_CORE_MA0828.3_n287,101
425,Srebf1,JASPAR_vertebrates_CORE_MA0829.3_n626,101
426,Tcf4,JASPAR_vertebrates_CORE_MA0830.3_n638,34
427,Tfe3,JASPAR_vertebrates_CORE_MA0831.3_n161,101
428,Tcf21,JASPAR_vertebrates_CORE_MA0832.2_n868,39
429,Atf4,JASPAR_vertebrates_CORE_MA0833.3_n212,25
430,Atf7,JASPAR_vertebrates_CORE_MA0834.2_n214,81
431,Batf3,JASPAR_vertebrates_CORE_MA0835.3_n225,116
432,Cebpd,JASPAR_vertebrates_CORE_MA0836.3_n236,66
433,Cebpe,JASPAR_vertebrates_CORE_MA0837.3_n237,66
434,Cebpg,JASPAR_vertebrates_CORE_MA0838.1_n94,66
435,Creb3l1,JASPAR_vertebrates_CORE_MA0839.2_n242,107
436,Creb5,JASPAR_vertebrates_CORE_MA0840.2_n770,81
437,Nfe2,JASPAR_vertebrates_CORE_MA0841.2_n472,89
438,Nrl,JASPAR_vertebrates_CORE_MA0842.3_n544,80
439,Tef,JASPAR_vertebrates_CORE_MA0843.2_n288,138
440,Xbp1,JASPAR_vertebrates_CORE_MA0844.2_n675,107
441,Foxb1,JASPAR_vertebrates_CORE_MA0845.1_n95,134
442,Foxc2,JASPAR_vertebrates_CORE_MA0846.2_n359,134
443,Foxd2,JASPAR_vertebrates_CORE_MA0847.4_n361,41
444,Foxo4,JASPAR_vertebrates_CORE_MA0848.1_n97,5
445,Foxo6,JASPAR_vertebrates_CORE_MA0849.1_n98,5
446,Foxp3,JASPAR_vertebrates_CORE_MA0850.1_n99,5
447,Foxj3,JASPAR_vertebrates_CORE_MA0851.2_n786,5
448,Foxk1,JASPAR_vertebrates_CORE_MA0852.3_n368,5
449,Alx4,JASPAR_vertebrates_CORE_MA0853.2_n757,2
450,Alx1,JASPAR_vertebrates_CORE_MA0854.2_n756,115
451,Rxrb,JASPAR_vertebrates_CORE_MA0855.1_n100,65
452,Rxrg,JASPAR_vertebrates_CORE_MA0856.1_n101,65
453,Rarb,JASPAR_vertebrates_CORE_MA0857.1_n102,3
454,Rarb,JASPAR_vertebrates_CORE_MA0858.1_n103,6
455,Rarg,JASPAR_vertebrates_CORE_MA0859.2_n847,3
456,Rarg,JASPAR_vertebrates_CORE_MA0860.1_n104,6
457,Tp73,JASPAR_vertebrates_CORE_MA0861.2_n664,137
458,Gmeb2,JASPAR_vertebrates_CORE_MA0862.1_n107,123
459,Mtf1,JASPAR_vertebrates_CORE_MA0863.1_n108,14
460,E2f2,JASPAR_vertebrates_CORE_MA0864.3_n262,100
461,E2f8,JASPAR_vertebrates_CORE_MA0865.3_n267,79
462,Sox21,JASPAR_vertebrates_CORE_MA0866.1_n110,57
463,Sox4,JASPAR_vertebrates_CORE_MA0867.3_n617,13
464,Sox8,JASPAR_vertebrates_CORE_MA0868.3_n618,143
465,Sox11,JASPAR_vertebrates_CORE_MA0869.3_n855,13
466,Sox1,JASPAR_vertebrates_CORE_MA0870.1_n111,57
467,Tfec,JASPAR_vertebrates_CORE_MA0871.3_n657,59
468,Tfap2a,JASPAR_vertebrates_CORE_MA0872.1_n112,42
469,Hoxd12,JASPAR_vertebrates_CORE_MA0873.2_n435,104
470,Arx,JASPAR_vertebrates_CORE_MA0874.2_n762,2
471,Barx1,JASPAR_vertebrates_CORE_MA0875.2_n220,106
472,Bsx,JASPAR_vertebrates_CORE_MA0876.2_n231,106
473,Barhl1,JASPAR_vertebrates_CORE_MA0877.4_n218,124
474,Cdx1,JASPAR_vertebrates_CORE_MA0878.3_n162,10
475,Dlx1,JASPAR_vertebrates_CORE_MA0879.3_n254,86
476,Dlx3,JASPAR_vertebrates_CORE_MA0880.2_n774,86
477,Dlx4,JASPAR_vertebrates_CORE_MA0881.2_n775,86
478,Dlx6,JASPAR_vertebrates_CORE_MA0882.2_n255,86
479,Dmbx1,JASPAR_vertebrates_CORE_MA0883.2_n777,96
480,Duxa,JASPAR_vertebrates_CORE_MA0884.2_n163,47
481,Dlx2,JASPAR_vertebrates_CORE_MA0885.3_n773,95
482,Emx2,JASPAR_vertebrates_CORE_MA0886.2_n292,106
483,Evx1,JASPAR_vertebrates_CORE_MA0887.2_n327,106
484,Evx2,JASPAR_vertebrates_CORE_MA0888.2_n328,106
485,Gbx1,JASPAR_vertebrates_CORE_MA0889.2_n383,125
486,Gbx2,JASPAR_vertebrates_CORE_MA0890.2_n384,86
487,Gsc2,JASPAR_vertebrates_CORE_MA0891.2_n394,112
488,Gsx1,JASPAR_vertebrates_CORE_MA0892.2_n395,106
489,Gsx2,JASPAR_vertebrates_CORE_MA0893.3_n396,141
490,Hesx1,JASPAR_vertebrates_CORE_MA0894.2_n401,86
491,Hmbox1,JASPAR_vertebrates_CORE_MA0895.2_n407,18
492,Hmx1,JASPAR_vertebrates_CORE_MA0896.2_n796,95
493,Hmx2,JASPAR_vertebrates_CORE_MA0897.2_n797,62
494,Hmx3,JASPAR_vertebrates_CORE_MA0898.2_n798,95
495,Hoxa10,JASPAR_vertebrates_CORE_MA0899.2_n412,10
496,Hoxa2,JASPAR_vertebrates_CORE_MA0900.3_n325,106
497,Hoxb13,JASPAR_vertebrates_CORE_MA0901.3_n251,10
498,Hoxb2,JASPAR_vertebrates_CORE_MA0902.3_n417,106
499,Hoxb3,JASPAR_vertebrates_CORE_MA0903.2_n419,106
500,Hoxb5,JASPAR_vertebrates_CORE_MA0904.3_n421,106
501,Hoxc10,JASPAR_vertebrates_CORE_MA0905.2_n426,104
502,Hoxc12,JASPAR_vertebrates_CORE_MA0906.2_n428,104
503,Hoxc13,JASPAR_vertebrates_CORE_MA0907.2_n429,104
504,Hoxd11,JASPAR_vertebrates_CORE_MA0908.2_n434,104
505,Hoxd13,JASPAR_vertebrates_CORE_MA0909.4_n801,10
506,Hoxd8,JASPAR_vertebrates_CORE_MA0910.3_n438,141
507,Hoxa11,JASPAR_vertebrates_CORE_MA0911.2_n800,104
508,Hoxd3,JASPAR_vertebrates_CORE_MA0912.2_n140,141
509,Hoxd9,JASPAR_vertebrates_CORE_MA0913.3_n439,10
510,Isl2,JASPAR_vertebrates_CORE_MA0914.2_n446,95
511,Hes1,JASPAR_vertebrates_CORE_MA1099.3_n399,46
512,Ascl1,JASPAR_vertebrates_CORE_MA1100.3_n208,7
513,Bach2,JASPAR_vertebrates_CORE_MA1101.3_n216,89
514,Ctcfl,JASPAR_vertebrates_CORE_MA1102.3_n249,64
515,Foxk2,JASPAR_vertebrates_CORE_MA1103.3_n369,5
516,Gata6,JASPAR_vertebrates_CORE_MA1104.3_n382,99
517,Grhl2,JASPAR_vertebrates_CORE_MA1105.3_n392,61
518,Hif1a,JASPAR_vertebrates_CORE_MA1106.2_n404,133
519,Klf9,JASPAR_vertebrates_CORE_MA1107.3_n461,77
520,Mxi1,JASPAR_vertebrates_CORE_MA1108.3_n496,63
521,Neurod1,JASPAR_vertebrates_CORE_MA1109.2_n503,29
522,Nr1h4,JASPAR_vertebrates_CORE_MA1110.3_n830,103
523,Nr2f2,JASPAR_vertebrates_CORE_MA1111.2_n537,103
524,Nr4a1,JASPAR_vertebrates_CORE_MA1112.3_n540,54
525,Pbx2,JASPAR_vertebrates_CORE_MA1113.3_n557,146
526,Pbx3,JASPAR_vertebrates_CORE_MA1114.2_n558,9
527,Pou5f1,JASPAR_vertebrates_CORE_MA1115.2_n572,78
528,Rbpj,JASPAR_vertebrates_CORE_MA1116.2_n588,51
529,Relb,JASPAR_vertebrates_CORE_MA1117.2_n589,16
530,Six1,JASPAR_vertebrates_CORE_MA1118.2_n605,108
531,Six2,JASPAR_vertebrates_CORE_MA1119.2_n606,108
532,Sox13,JASPAR_vertebrates_CORE_MA1120.2_n614,143
533,Tead2,JASPAR_vertebrates_CORE_MA1121.2_n643,136
534,Tfdp1,JASPAR_vertebrates_CORE_MA1122.2_n655,79
535,Twist1,JASPAR_vertebrates_CORE_MA1123.3_n666,29
536,Znf24,JASPAR_vertebrates_CORE_MA1124.1_n113,62
537,Znf384,JASPAR_vertebrates_CORE_MA1125.2_n715,50
538,Fos::jun,JASPAR_vertebrates_CORE_MA1126.2_n336,81
539,Fosb::jun,JASPAR_vertebrates_CORE_MA1127.1_n115,81
540,Fosl1::jun,JASPAR_vertebrates_CORE_MA1128.2_n345,89
541,Fosl1::jun,JASPAR_vertebrates_CORE_MA1129.1_n116,81
542,Fosl2::jun,JASPAR_vertebrates_CORE_MA1130.2_n350,89
543,Fosl2::jun,JASPAR_vertebrates_CORE_MA1131.2_n351,81
544,Jun::junb,JASPAR_vertebrates_CORE_MA1132.2_n449,89
545,Jun::junb,JASPAR_vertebrates_CORE_MA1133.2_n450,81
546,Fos::junb,JASPAR_vertebrates_CORE_MA1134.2_n337,89
547,Fosb::junb,JASPAR_vertebrates_CORE_MA1135.2_n343,89
548,Fosb::junb,JASPAR_vertebrates_CORE_MA1136.1_n117,81
549,Fosl1::junb,JASPAR_vertebrates_CORE_MA1137.2_n346,89
550,Fosl2::junb,JASPAR_vertebrates_CORE_MA1138.2_n352,89
551,Fosl2::junb,JASPAR_vertebrates_CORE_MA1139.2_n353,81
552,Junb,JASPAR_vertebrates_CORE_MA1140.3_n338,81
553,Fos::jund,JASPAR_vertebrates_CORE_MA1141.2_n340,89
554,Fosl1::jund,JASPAR_vertebrates_CORE_MA1142.2_n347,89
555,Fosl1::jund,JASPAR_vertebrates_CORE_MA1143.2_n348,147
556,Fosl2::jund,JASPAR_vertebrates_CORE_MA1144.2_n354,89
557,Fosl2::jund,JASPAR_vertebrates_CORE_MA1145.2_n355,81
558,Nr1h4::rxra,JASPAR_vertebrates_CORE_MA1146.2_n529,117
559,Nr4a2::rxra,JASPAR_vertebrates_CORE_MA1147.2_n542,117
560,Ppara::rxra,JASPAR_vertebrates_CORE_MA1148.2_n576,65
561,Rara::rxrg,JASPAR_vertebrates_CORE_MA1149.2_n583,6
562,Rorb,JASPAR_vertebrates_CORE_MA1150.2_n597,76
563,Rorc,JASPAR_vertebrates_CORE_MA1151.2_n598,76
564,Sox15,JASPAR_vertebrates_CORE_MA1152.2_n616,143
565,Smad4,JASPAR_vertebrates_CORE_MA1153.2_n854,30
566,Znf282,JASPAR_vertebrates_CORE_MA1154.2_n707,128
567,Zscan4,JASPAR_vertebrates_CORE_MA1155.1_n114,14
568,Irf3,JASPAR_vertebrates_CORE_MA1418.2_n442,130
569,Irf4,JASPAR_vertebrates_CORE_MA1419.2_n443,130
570,Irf5,JASPAR_vertebrates_CORE_MA1420.1_n118,130
571,Tcf7l1,JASPAR_vertebrates_CORE_MA1421.1_n119,91
572,Argfx,JASPAR_vertebrates_CORE_MA1463.2_n206,115
573,Arnt2,JASPAR_vertebrates_CORE_MA1464.2_n207,59
574,Atf6,JASPAR_vertebrates_CORE_MA1466.2_n213,107
575,Atoh1,JASPAR_vertebrates_CORE_MA1467.3_n765,29
576,Atoh7,JASPAR_vertebrates_CORE_MA1468.1_n120,45
577,Bach2,JASPAR_vertebrates_CORE_MA1470.2_n217,72
578,Barx2,JASPAR_vertebrates_CORE_MA1471.2_n221,2
579,Bhlha15,JASPAR_vertebrates_CORE_MA1472.3_n769,7
580,Cdx4,JASPAR_vertebrates_CORE_MA1473.2_n233,10
581,Creb3l4,JASPAR_vertebrates_CORE_MA1474.2_n243,107
582,Creb3l4,JASPAR_vertebrates_CORE_MA1475.2_n244,81
583,Dlx5,JASPAR_vertebrates_CORE_MA1476.3_n776,95
584,Dmrta2,JASPAR_vertebrates_CORE_MA1478.2_n258,88
585,Dmrtc2,JASPAR_vertebrates_CORE_MA1479.2_n259,88
586,Dprx,JASPAR_vertebrates_CORE_MA1480.2_n260,96
587,Drgx,JASPAR_vertebrates_CORE_MA1481.2_n261,86
588,Elf2,JASPAR_vertebrates_CORE_MA1483.3_n275,83
589,Ets2,JASPAR_vertebrates_CORE_MA1484.2_n310,83
590,Ferd3l,JASPAR_vertebrates_CORE_MA1485.1_n121,39
591,Foxe1,JASPAR_vertebrates_CORE_MA1487.3_n363,41
592,Foxn3,JASPAR_vertebrates_CORE_MA1489.1_n122,5
593,Gli3,JASPAR_vertebrates_CORE_MA1491.3_n389,1
594,Hes6,JASPAR_vertebrates_CORE_MA1493.1_n123,46
595,Hnf4a,JASPAR_vertebrates_CORE_MA1494.2_n409,65
596,Hoxa1,JASPAR_vertebrates_CORE_MA1495.2_n280,106
597,Hoxa4,JASPAR_vertebrates_CORE_MA1496.2_n413,141
598,Hoxa6,JASPAR_vertebrates_CORE_MA1497.2_n414,141
599,Hoxa7,JASPAR_vertebrates_CORE_MA1498.3_n415,106
600,Hoxb4,JASPAR_vertebrates_CORE_MA1499.2_n420,106
601,Hoxb6,JASPAR_vertebrates_CORE_MA1500.2_n422,141
602,Hoxb7,JASPAR_vertebrates_CORE_MA1501.2_n423,141
603,Hoxb8,JASPAR_vertebrates_CORE_MA1502.2_n424,141
604,Hoxb9,JASPAR_vertebrates_CORE_MA1503.2_n425,104
605,Hoxc4,JASPAR_vertebrates_CORE_MA1504.2_n430,106
606,Hoxc8,JASPAR_vertebrates_CORE_MA1505.2_n431,106
607,Hoxd10,JASPAR_vertebrates_CORE_MA1506.2_n433,104
608,Hoxd4,JASPAR_vertebrates_CORE_MA1507.2_n437,106
609,Ikzf1,JASPAR_vertebrates_CORE_MA1508.2_n440,145
610,Irf6,JASPAR_vertebrates_CORE_MA1509.1_n124,24
611,Klf10,JASPAR_vertebrates_CORE_MA1511.2_n164,4
612,Klf11,JASPAR_vertebrates_CORE_MA1512.2_n452,77
613,Klf15,JASPAR_vertebrates_CORE_MA1513.2_n454,4
614,Klf17,JASPAR_vertebrates_CORE_MA1514.2_n455,14
615,Klf2,JASPAR_vertebrates_CORE_MA1515.2_n456,77
616,Klf3,JASPAR_vertebrates_CORE_MA1516.2_n457,77
617,Klf6,JASPAR_vertebrates_CORE_MA1517.2_n459,77
618,Lhx1,JASPAR_vertebrates_CORE_MA1518.3_n806,2
619,Lhx5,JASPAR_vertebrates_CORE_MA1519.2_n465,125
620,Maf,JASPAR_vertebrates_CORE_MA1520.2_n470,36
621,Mafa,JASPAR_vertebrates_CORE_MA1521.2_n473,36
622,Maz,JASPAR_vertebrates_CORE_MA1522.2_n478,4
623,Msantd3,JASPAR_vertebrates_CORE_MA1523.2_n493,69
624,Msgn1,JASPAR_vertebrates_CORE_MA1524.3_n814,19
625,Nfatc4,JASPAR_vertebrates_CORE_MA1525.3_n506,51
626,Nfic,JASPAR_vertebrates_CORE_MA1527.2_n510,82
627,Nfix,JASPAR_vertebrates_CORE_MA1528.2_n513,82
628,Nhlh2,JASPAR_vertebrates_CORE_MA1529.2_n518,110
629,Nkx6-3,JASPAR_vertebrates_CORE_MA1530.2_n526,55
630,Nr1d1,JASPAR_vertebrates_CORE_MA1531.2_n528,3
631,Nr1d2,JASPAR_vertebrates_CORE_MA1532.2_n165,3
632,Nr1i2,JASPAR_vertebrates_CORE_MA1533.2_n530,58
633,Nr1i3,JASPAR_vertebrates_CORE_MA1534.2_n531,28
634,Nr2c1,JASPAR_vertebrates_CORE_MA1535.2_n532,103
635,Nr2c2,JASPAR_vertebrates_CORE_MA1536.2_n534,103
636,Nr2f1,JASPAR_vertebrates_CORE_MA1537.2_n536,65
637,Nr2f1,JASPAR_vertebrates_CORE_MA1538.1_n125,117
638,Nr2f6,JASPAR_vertebrates_CORE_MA1539.1_n126,117
639,Nr5a1,JASPAR_vertebrates_CORE_MA1540.3_n833,6
640,Nr6a1,JASPAR_vertebrates_CORE_MA1541.2_n543,6
641,Osr1,JASPAR_vertebrates_CORE_MA1542.2_n547,149
642,Ovol1,JASPAR_vertebrates_CORE_MA1544.2_n551,23
643,Ovol2,JASPAR_vertebrates_CORE_MA1545.2_n552,23
644,Pax3,JASPAR_vertebrates_CORE_MA1546.2_n555,23
645,Pitx2,JASPAR_vertebrates_CORE_MA1547.2_n166,96
646,Plagl2,JASPAR_vertebrates_CORE_MA1548.2_n563,71
647,Pou6f1,JASPAR_vertebrates_CORE_MA1549.2_n574,55
648,Ppard,JASPAR_vertebrates_CORE_MA1550.2_n577,65
649,Rarb,JASPAR_vertebrates_CORE_MA1552.2_n584,113
650,Rarg,JASPAR_vertebrates_CORE_MA1553.2_n585,113
651,Rfx7,JASPAR_vertebrates_CORE_MA1554.2_n594,126
652,Rxrb,JASPAR_vertebrates_CORE_MA1555.1_n127,113
653,Rxrg,JASPAR_vertebrates_CORE_MA1556.1_n128,113
654,Smad5,JASPAR_vertebrates_CORE_MA1557.1_n129,49
655,Snai1,JASPAR_vertebrates_CORE_MA1558.2_n608,34
656,Snai3,JASPAR_vertebrates_CORE_MA1559.2_n610,34
657,Sohlh2,JASPAR_vertebrates_CORE_MA1560.2_n611,21
658,Sox12,JASPAR_vertebrates_CORE_MA1561.2_n613,35
659,Sox14,JASPAR_vertebrates_CORE_MA1562.2_n615,13
660,Sox18,JASPAR_vertebrates_CORE_MA1563.2_n167,143
661,Sp9,JASPAR_vertebrates_CORE_MA1564.2_n623,77
662,Tbx18,JASPAR_vertebrates_CORE_MA1565.2_n633,44
663,Tbx3,JASPAR_vertebrates_CORE_MA1566.3_n418,44
664,Tbx6,JASPAR_vertebrates_CORE_MA1567.3_n866,44
665,Tcf21,JASPAR_vertebrates_CORE_MA1568.2_n637,45
666,Tfap2e,JASPAR_vertebrates_CORE_MA1569.2_n651,92
667,Tfap4,JASPAR_vertebrates_CORE_MA1570.1_n130,45
668,Tgif2lx,JASPAR_vertebrates_CORE_MA1571.1_n131,87
669,Tgif2ly,JASPAR_vertebrates_CORE_MA1572.1_n132,87
670,Thap11,JASPAR_vertebrates_CORE_MA1573.2_n168,14
671,Thrb,JASPAR_vertebrates_CORE_MA1574.2_n660,65
672,Thrb,JASPAR_vertebrates_CORE_MA1575.2_n661,58
673,Thrb,JASPAR_vertebrates_CORE_MA1576.2_n662,6
674,Tlx2,JASPAR_vertebrates_CORE_MA1577.2_n663,86
675,Vezf1,JASPAR_vertebrates_CORE_MA1578.2_n672,71
676,Zbtb26,JASPAR_vertebrates_CORE_MA1579.2_n682,30
677,Zbtb32,JASPAR_vertebrates_CORE_MA1580.1_n133,35
678,Zbtb6,JASPAR_vertebrates_CORE_MA1581.2_n684,8
679,Zfp57,JASPAR_vertebrates_CORE_MA1583.2_n690,8
680,Zic5,JASPAR_vertebrates_CORE_MA1584.2_n692,1
681,Zkscan1,JASPAR_vertebrates_CORE_MA1585.2_n694,37
682,Znf135,JASPAR_vertebrates_CORE_MA1587.1_n134,14
683,Znf136,JASPAR_vertebrates_CORE_MA1588.1_n135,11
684,Znf140,JASPAR_vertebrates_CORE_MA1589.2_n697,27
685,Znf274,JASPAR_vertebrates_CORE_MA1592.2_n705,26
686,Znf317,JASPAR_vertebrates_CORE_MA1593.2_n708,43
687,Znf382,JASPAR_vertebrates_CORE_MA1594.1_n136,142
688,Znf460,JASPAR_vertebrates_CORE_MA1596.1_n137,32
689,Znf528,JASPAR_vertebrates_CORE_MA1597.1_n138,27
690,Znf682,JASPAR_vertebrates_CORE_MA1599.2_n730,70
691,Znf684,JASPAR_vertebrates_CORE_MA1600.2_n731,14
692,Znf75d,JASPAR_vertebrates_CORE_MA1601.2_n169,128
693,Zscan29,JASPAR_vertebrates_CORE_MA1602.2_n742,49
694,Dmrt1,JASPAR_vertebrates_CORE_MA1603.2_n778,13
695,Ebf2,JASPAR_vertebrates_CORE_MA1604.2_n780,111
696,Foxf1,JASPAR_vertebrates_CORE_MA1606.2_n785,5
697,Foxl2,JASPAR_vertebrates_CORE_MA1607.2_n787,134
698,Isl1,JASPAR_vertebrates_CORE_MA1608.2_n804,55
699,Plagl1,JASPAR_vertebrates_CORE_MA1615.2_n838,22
700,Prdm15,JASPAR_vertebrates_CORE_MA1616.2_n841,52
701,Ptf1a,JASPAR_vertebrates_CORE_MA1618.2_n844,29
702,Ptf1a,JASPAR_vertebrates_CORE_MA1619.2_n845,7
703,Ptf1a,JASPAR_vertebrates_CORE_MA1620.2_n846,34
704,Stat2,JASPAR_vertebrates_CORE_MA1623.2_n860,84
705,Stat5a,JASPAR_vertebrates_CORE_MA1624.2_n862,85
706,Stat5b,JASPAR_vertebrates_CORE_MA1625.2_n864,85
707,Wt1,JASPAR_vertebrates_CORE_MA1627.2_n871,71
708,Zic1::zic2,JASPAR_vertebrates_CORE_MA1628.2_n875,43
709,Zic2,JASPAR_vertebrates_CORE_MA1629.2_n876,43
710,Znf281,JASPAR_vertebrates_CORE_MA1630.3_n706,4
711,Ascl1,JASPAR_vertebrates_CORE_MA1631.2_n209,34
712,Atf2,JASPAR_vertebrates_CORE_MA1632.2_n210,129
713,Bach1,JASPAR_vertebrates_CORE_MA1633.2_n170,89
714,Batf,JASPAR_vertebrates_CORE_MA1634.2_n222,116
715,Bhlhe22,JASPAR_vertebrates_CORE_MA1635.2_n227,7
716,Cebpg,JASPAR_vertebrates_CORE_MA1636.2_n238,25
717,Ebf3,JASPAR_vertebrates_CORE_MA1637.2_n269,111
718,Hand2,JASPAR_vertebrates_CORE_MA1638.2_n398,29
719,Meis1,JASPAR_vertebrates_CORE_MA1639.2_n482,146
720,Meis2,JASPAR_vertebrates_CORE_MA1640.2_n483,146
721,Myf5,JASPAR_vertebrates_CORE_MA1641.2_n499,7
722,Neurog2,JASPAR_vertebrates_CORE_MA1642.2_n504,29
723,Nfib,JASPAR_vertebrates_CORE_MA1643.2_n508,82
724,Nfyc,JASPAR_vertebrates_CORE_MA1644.2_n517,98
725,Nkx2-2,JASPAR_vertebrates_CORE_MA1645.2_n519,69
726,Osr2,JASPAR_vertebrates_CORE_MA1646.2_n548,149
727,Prdm4,JASPAR_vertebrates_CORE_MA1647.3_n842,24
728,Tcf12,JASPAR_vertebrates_CORE_MA1648.2_n636,34
729,Zbtb12,JASPAR_vertebrates_CORE_MA1649.2_n679,24
730,Zbtb14,JASPAR_vertebrates_CORE_MA1650.2_n680,56
731,Zfp42,JASPAR_vertebrates_CORE_MA1651.2_n689,68
732,Zkscan5,JASPAR_vertebrates_CORE_MA1652.2_n696,20
733,Znf148,JASPAR_vertebrates_CORE_MA1653.2_n698,4
734,Znf16,JASPAR_vertebrates_CORE_MA1654.2_n699,32
735,Znf341,JASPAR_vertebrates_CORE_MA1655.2_n712,12
736,Znf449,JASPAR_vertebrates_CORE_MA1656.2_n719,70
737,Znf652,JASPAR_vertebrates_CORE_MA1657.2_n726,67
738,Foxa3,JASPAR_vertebrates_CORE_MA1683.2_n358,5
739,Foxn1,JASPAR_vertebrates_CORE_MA1684.1_n144,8
740,Dmrta1,JASPAR_vertebrates_CORE_MA1707.2_n257,88
741,Etv7,JASPAR_vertebrates_CORE_MA1708.2_n279,102
742,Zim3,JASPAR_vertebrates_CORE_MA1709.2_n693,84
743,Znf257,JASPAR_vertebrates_CORE_MA1710.2_n703,70
744,Znf343,JASPAR_vertebrates_CORE_MA1711.2_n713,14
745,Znf454,JASPAR_vertebrates_CORE_MA1712.2_n720,32
746,Znf610,JASPAR_vertebrates_CORE_MA1713.2_n725,71
747,Znf675,JASPAR_vertebrates_CORE_MA1714.2_n728,27
748,Znf707,JASPAR_vertebrates_CORE_MA1715.1_n142,14
749,Znf76,JASPAR_vertebrates_CORE_MA1716.2_n736,11
750,Znf784,JASPAR_vertebrates_CORE_MA1717.2_n738,37
751,Znf8,JASPAR_vertebrates_CORE_MA1718.1_n143,142
752,Znf816,JASPAR_vertebrates_CORE_MA1719.2_n739,14
753,Znf85,JASPAR_vertebrates_CORE_MA1720.2_n740,0
754,Znf93,JASPAR_vertebrates_CORE_MA1721.2_n741,110
755,Zscan31,JASPAR_vertebrates_CORE_MA1722.2_n743,27
756,Prdm9,JASPAR_vertebrates_CORE_MA1723.2_n580,32
757,Rfx6,JASPAR_vertebrates_CORE_MA1724.2_n848,126
758,Znf189,JASPAR_vertebrates_CORE_MA1725.2_n700,12
759,Znf331,JASPAR_vertebrates_CORE_MA1726.2_n711,15
760,Znf417,JASPAR_vertebrates_CORE_MA1727.2_n718,22
761,Znf549,JASPAR_vertebrates_CORE_MA1728.2_n722,15
762,Znf680,JASPAR_vertebrates_CORE_MA1729.2_n729,11
763,Znf708,JASPAR_vertebrates_CORE_MA1730.2_n734,15
764,Znf768,JASPAR_vertebrates_CORE_MA1731.2_n737,40
765,Bnc2,JASPAR_vertebrates_CORE_MA1928.2_n230,116
766,Ctcf,JASPAR_vertebrates_CORE_MA1929.2_n247,33
767,Ctcf,JASPAR_vertebrates_CORE_MA1930.2_n248,33
768,Elk1::hoxa1,JASPAR_vertebrates_CORE_MA1931.1_n145,48
769,Elk1::hoxb13,JASPAR_vertebrates_CORE_MA1932.2_n281,105
770,Elk1::srebf2,JASPAR_vertebrates_CORE_MA1933.2_n286,20
771,Erf::figla,JASPAR_vertebrates_CORE_MA1934.2_n296,97
772,Erf::foxi1,JASPAR_vertebrates_CORE_MA1935.2_n298,145
773,Erf::foxo1,JASPAR_vertebrates_CORE_MA1936.2_n299,38
774,Erf::hoxb13,JASPAR_vertebrates_CORE_MA1937.2_n300,105
775,Erf::nhlh1,JASPAR_vertebrates_CORE_MA1938.2_n302,110
776,Erf::srebf2,JASPAR_vertebrates_CORE_MA1939.2_n304,20
777,Etv2::drgx,JASPAR_vertebrates_CORE_MA1940.2_n313,48
778,Etv2::figla,JASPAR_vertebrates_CORE_MA1941.2_n314,97
779,Etv2::foxi1,JASPAR_vertebrates_CORE_MA1942.2_n315,145
780,Etv2::hoxb13,JASPAR_vertebrates_CORE_MA1943.2_n316,105
781,Etv5::drgx,JASPAR_vertebrates_CORE_MA1944.2_n320,48
782,Etv5::figla,JASPAR_vertebrates_CORE_MA1945.2_n321,97
783,Etv5::foxi1,JASPAR_vertebrates_CORE_MA1946.2_n322,38
784,Etv5::foxo1,JASPAR_vertebrates_CORE_MA1947.2_n323,38
785,Etv5::hoxa2,JASPAR_vertebrates_CORE_MA1948.2_n324,48
786,Fli1::drgx,JASPAR_vertebrates_CORE_MA1949.2_n331,48
787,Fli1::foxi1,JASPAR_vertebrates_CORE_MA1950.2_n332,38
788,Fos,JASPAR_vertebrates_CORE_MA1951.2_n334,81
789,Foxj2::elf1,JASPAR_vertebrates_CORE_MA1952.2_n366,145
790,Foxo1::elf1,JASPAR_vertebrates_CORE_MA1953.2_n370,38
791,Foxo1::elk1,JASPAR_vertebrates_CORE_MA1954.2_n371,38
792,Foxo1::elk3,JASPAR_vertebrates_CORE_MA1955.2_n372,38
793,Foxo1::fli1,JASPAR_vertebrates_CORE_MA1956.2_n373,38
794,Hoxb2::elk1,JASPAR_vertebrates_CORE_MA1957.1_n146,48
795,Hoxd12::elk1,JASPAR_vertebrates_CORE_MA1958.2_n436,105
796,Klf7,JASPAR_vertebrates_CORE_MA1959.2_n460,4
797,Mga::evx1,JASPAR_vertebrates_CORE_MA1960.2_n487,67
798,Patz1,JASPAR_vertebrates_CORE_MA1961.2_n553,4
799,Pou2f1::sox2,JASPAR_vertebrates_CORE_MA1962.1_n147,57
800,Satb1,JASPAR_vertebrates_CORE_MA1963.2_n601,55
801,Smad2,JASPAR_vertebrates_CORE_MA1964.2_n607,30
802,Sp5,JASPAR_vertebrates_CORE_MA1965.2_n621,140
803,Tfap4::etv1,JASPAR_vertebrates_CORE_MA1966.2_n652,97
804,Tfap4::fli1,JASPAR_vertebrates_CORE_MA1967.2_n653,97
805,Tfcp2,JASPAR_vertebrates_CORE_MA1968.2_n654,52
806,Thra,JASPAR_vertebrates_CORE_MA1969.2_n659,6
807,Trps1,JASPAR_vertebrates_CORE_MA1970.2_n665,99
808,Zbed2,JASPAR_vertebrates_CORE_MA1971.2_n678,24
809,Zfp14,JASPAR_vertebrates_CORE_MA1972.1_n148,14
810,Zkscan3,JASPAR_vertebrates_CORE_MA1973.2_n695,32
811,Znf211,JASPAR_vertebrates_CORE_MA1974.2_n701,127
812,Znf214,JASPAR_vertebrates_CORE_MA1975.2_n702,0
813,Znf320,JASPAR_vertebrates_CORE_MA1976.2_n709,32
814,Znf324,JASPAR_vertebrates_CORE_MA1977.2_n710,11
815,Znf354a,JASPAR_vertebrates_CORE_MA1978.2_n714,142
816,Znf416,JASPAR_vertebrates_CORE_MA1979.2_n717,30
817,Znf418,JASPAR_vertebrates_CORE_MA1980.1_n149,27
818,Znf530,JASPAR_vertebrates_CORE_MA1981.2_n721,14
819,Znf574,JASPAR_vertebrates_CORE_MA1982.2_n723,32
820,Znf582,JASPAR_vertebrates_CORE_MA1983.2_n724,27
821,Znf667,JASPAR_vertebrates_CORE_MA1984.2_n727,26
822,Znf669,JASPAR_vertebrates_CORE_MA1985.1_n150,58
823,Znf692,JASPAR_vertebrates_CORE_MA1986.2_n732,22
824,Znf701,JASPAR_vertebrates_CORE_MA1987.2_n733,32
825,Atf3,JASPAR_vertebrates_CORE_MA1988.2_n763,116
826,Bcl11b,JASPAR_vertebrates_CORE_MA1989.2_n768,114
827,Gli1,JASPAR_vertebrates_CORE_MA1990.2_n791,90
828,Hnf1a,JASPAR_vertebrates_CORE_MA1991.2_n799,91
829,Ikzf3,JASPAR_vertebrates_CORE_MA1992.2_n802,31
830,Neurod2,JASPAR_vertebrates_CORE_MA1993.2_n816,7
831,Nkx2-1,JASPAR_vertebrates_CORE_MA1994.2_n822,17
832,Npas4,JASPAR_vertebrates_CORE_MA1995.2_n827,94
833,Nr1h2,JASPAR_vertebrates_CORE_MA1996.2_n828,103
834,Olig2,JASPAR_vertebrates_CORE_MA1997.2_n836,7
835,Prdm14,JASPAR_vertebrates_CORE_MA1998.2_n840,26
836,Prdm5,JASPAR_vertebrates_CORE_MA1999.2_n843,40
837,Six4,JASPAR_vertebrates_CORE_MA2001.2_n853,108
838,Zfp335,JASPAR_vertebrates_CORE_MA2002.2_n873,8
839,Nkx2-4,JASPAR_vertebrates_CORE_MA2003.2_n521,17
840,Hoxb1,JASPAR_vertebrates_CORE_MA2093.1_n176,141
841,Pax8,JASPAR_vertebrates_CORE_MA2094.1_n177,93
842,Sox7,JASPAR_vertebrates_CORE_MA2095.1_n745,13
843,Znf524,JASPAR_vertebrates_CORE_MA2096.1_n178,70
844,Znf75a,JASPAR_vertebrates_CORE_MA2097.1_n179,128
845,Znf766,JASPAR_vertebrates_CORE_MA2098.1_n180,127
846,Znf770,JASPAR_vertebrates_CORE_MA2099.1_n181,8
847,Zscan16,JASPAR_vertebrates_CORE_MA2100.1_n182,27
848,Znf677,JASPAR_vertebrates_CORE_MA2101.1_n183,35
849,Zbtb17,JASPAR_vertebrates_CORE_MA2102.1_n184,73
850,Foxp4,JASPAR_vertebrates_CORE_MA2117.1_n185,5
851,Foxs1,JASPAR_vertebrates_CORE_MA2118.1_n186,5
852,Hoxa3,JASPAR_vertebrates_CORE_MA2119.1_n187,141
853,Znf184,JASPAR_vertebrates_CORE_MA2120.1_n188,40
854,Znf213,JASPAR_vertebrates_CORE_MA2121.1_n189,144
855,Ebf4,JASPAR_vertebrates_CORE_MA2122.1_n746,111
856,Hand1,JASPAR_vertebrates_CORE_MA2123.1_n747,30
857,Hmga1,JASPAR_vertebrates_CORE_MA2124.1_n748,50
858,Zfp809,JASPAR_vertebrates_CORE_MA2125.1_n749,15
859,Zfp961,JASPAR_vertebrates_CORE_MA2126.1_n750,22
860,Pgr,JASPAR_vertebrates_CORE_MA2323.1_n173,109
861,Bcl11a,JASPAR_vertebrates_CORE_MA2324.1_n190,103
862,Epas1,JASPAR_vertebrates_CORE_MA2325.1_n191,133
863,Ikzf2,JASPAR_vertebrates_CORE_MA2326.1_n192,31
864,Pgr,JASPAR_vertebrates_CORE_MA2327.1_n193,109
865,Zbed4,JASPAR_vertebrates_CORE_MA2328.1_n194,71
866,Zbtb11,JASPAR_vertebrates_CORE_MA2329.1_n195,102
867,Zbtb24,JASPAR_vertebrates_CORE_MA2330.1_n196,64
868,Znf157,JASPAR_vertebrates_CORE_MA2331.1_n197,142
869,Znf175,JASPAR_vertebrates_CORE_MA2332.1_n198,31
870,Znf35,JASPAR_vertebrates_CORE_MA2333.1_n199,148
871,Znf547,JASPAR_vertebrates_CORE_MA2334.1_n200,0
872,Znf558,JASPAR_vertebrates_CORE_MA2335.1_n201,142
873,Zscan21,JASPAR_vertebrates_CORE_MA2336.1_n202,0
874,Nr1h3,JASPAR_vertebrates_CORE_MA2337.1_n751,103
875,Ppara,JASPAR_vertebrates_CORE_MA2338.1_n752,103
876,Nanog,JASPAR_vertebrates_CORE_MA2339.1_n753,98
877,Zbtb2,JASPAR_vertebrates_CORE_MA2340.1_n754,102
878,Fezf2,JASPAR_vertebrates_CORE_MA2341.1_n203,15
