,Name,Sequence,Notes
0,nkx22_even_1,attaCGTCTCtCTGATTGGTTCTATTCATTTTTCCCTCTAACTGTCCTTGTTTGGGTTGCCTTAGTCCAGGCGAAGCAGAACGCTCAGGCATCGAGTCCTCCAAGCTCACAGCTGCTTGGGCCGCGGCGGCGCCCCCACCACCCCCGGGTTTCTAGAGCCTTGTGACAGCGCCTCACTCCGAGCTGCTCAGCGGCTTTCTGCAACTCTCTCTGCCACCAaGAGACGCGTCGGGCTCGACATCGGCAAGGTCGGACTGAATTCATGCCGTCTCtGATTGACAACACAGCAaGAGACGttaa,
1,nkx22_even_2,attaCGTCTCtCTGATCGCCCCCAGTATGTGACGTGGGTGACAATGGCCCAGGTTGGAGCGAGCCCCACGTCGGCGCGTCCTGGGTGGTCGGACCCGGGCAAACACAAATACAAACCGATTGCTAAGCTGCGGACAATGAGGGAAATGTAGACAAATGTCCCGCTCCTGTTGGAAGCCTTTGTCCAGGCCCGGTTTTTGCATTTATTTCAGTGGCACCAaGAGACGCGTCGGGCTCGACATCGGCAAGGTCGGACTGAATTCATGCCGTCTCtGATTCCTGATCAAGCAaGAGACGttaa,
2,nkx22_even_3,attaCGTCTCtCTGAGAAATAATACATGATTGACGCTCTCTTTCAATGTGTCCTAACTGTTTGGAATAAATCTAAGGTTGTCCCTAGTTGTCATGGCATTCAACCCTTTTCAATGGACTATCTCTTCATTCATTTCTGAATCCGTCCACAATATTAAGGAAACCCCTTCATGTCGACGTTCCCCATTCCTCTTTCTCCTGCTTTTCTTTTCTCCTACCAaGAGACGCGTCGGGCTCGACATCGGCAAGGTCGGACTGAATTCATGCCGTCTCtGATTCACTTGGCAGCAaGAGACGttaa,
3,nkx22_even_4,attaCGTCTCtCTGATTCTTCCTCCCTTTTCCCCTTGCAAGAATTAGTATCTGGTTTGAAACGTGTTCCTCAGACTCATTACTTTCTCTGTCTTCCCCCCTTCTGTTTTTCCAGCTTCTTTCTCAGCGTTAGAGCCTGTTGCCTCTCCCTCCCTCTTTTCAGGCTGGGGCTCTCTGCCCGGCAGGGTGGGAGGGGGGAAAGTCAGCTTTCCAGAAACCAaGAGACGCGTCGGGCTCGACATCGGCAAGGTCGGACTGAATTCATGCCGTCTCtGATTGCCATTCTAGCAaGAGACGttaa,
4,nkx22_odd_1,attaCGTCTCtCTGACTTGGGCCGCGGCGGCGCCCCCACCACCCCCGGGTTTCTAGAGCCTTGTGACAGCGCCTCACTCCGAGCTGCTCAGCGGCTTTCTGCAACTCTCTCTGCCTCGCCCCCAGTATGTGACGTGGGTGACAATGGCCCAGGTTGGAGCGAGCCCCACGTCGGCGCGTCCTGGGTGGTCGGACCCGGGCAAACACAAATACAAAACCAaGAGACGCGTCGGGCTCGACATCGGCAAGGTCGGACTGAATTCATGCCGTCTCtGATTGTACGAGTAGCAaGAGACGttaa,
5,nkx22_odd_2,attaCGTCTCtCTGACCGATTGCTAAGCTGCGGACAATGAGGGAAATGTAGACAAATGTCCCGCTCCTGTTGGAAGCCTTTGTCCAGGCCCGGTTTTTGCATTTATTTCAGTGGCGAAATAATACATGATTGACGCTCTCTTTCAATGTGTCCTAACTGTTTGGAATAAATCTAAGGTTGTCCCTAGTTGTCATGGCATTCAACCCTTTTCAATGACCAaGAGACGCGTCGGGCTCGACATCGGCAAGGTCGGACTGAATTCATGCCGTCTCtGATTGATGAACGAGCAaGAGACGttaa,
6,nkx22_odd_3,attaCGTCTCtCTGAGACTATCTCTTCATTCATTTCTGAATCCGTCCACAATATTAAGGAAACCCCTTCATGTCGACGTTCCCCATTCCTCTTTCTCCTGCTTTTCTTTTCTCCTTTCTTCCTCCCTTTTCCCCTTGCAAGAATTAGTATCTGGTTTGAAACGTGTTCCTCAGACTCATTACTTTCTCTGTCTTCCCCCCTTCTGTTTTTCCAGCACCAaGAGACGCGTCGGGCTCGACATCGGCAAGGTCGGACTGAATTCATGCCGTCTCtGATTCGAGTCTAAGCAaGAGACGttaa,
7,o2e33_even_1,attaCGTCTCtCTGATGATTGCCAACTGCCTCCAACCCAACTTTGTAAGCCGAGCCCTCATCCCTACCCACTCCCGGTGTGTCAGATGGAACACCTAGGTGGCCCACGGGGACCTCTGACCTCTATATCCTCTTCCTTTCTCCCTCCTTTGCTACTTTTCTACTGGATAAAAGGAGAGAGTGAGAGATAATTAACAAAAAACATGGCCCCGGGACACCAaGAGACGCGTCGGGCTCGACATCGGCAAGGTCGGACTGAATTCATGCCGTCTCtGATTGTCAGTGTAGCAaGAGACGttaa,
8,o2e33_even_2,attaCGTCTCtCTGAAATGAAGCAACTGGCCTTGGCCGGCAAGCAACGATCCTGGTTTTCTAGGTAGAGTTTCTCCCATCAATCTTTCCTTTAACCTCCCTGTTCGTGGAAGCAATAGAAACACCACCCCCTCCCCTGAGCAAATGCTTTCTTTTGACTGGAAACAAAAAGGGGGCCCGGCAAAGACGGAGGTGAAATCTGGGTGGTATGGGCACACCAaGAGACGCGTCGGGCTCGACATCGGCAAGGTCGGACTGAATTCATGCCGTCTCtGATTCTACCATGAGCAaGAGACGttaa,
9,o2e33_even_3,attaCGTCTCtCTGACGCACAATGGCCCCGCTGTTCCTGGCCCTGCTTGTGTTTTACAACAGGGGAGGGGCAGGCGCGAATGGTCCGATGGTGGAGACAATCCCCCTGATTCAGGCTACAAATGCATCTTCTATTCCACACGGAGCTGAGCAGAAAGGATGGGGGTGACAAAGAGCATGGGCGGGGAGAGGGAAAACAAAATGTTTTCAGTTGAAACCAaGAGACGCGTCGGGCTCGACATCGGCAAGGTCGGACTGAATTCATGCCGTCTCtGATTGAGTCTACAGCAaGAGACGttaa,
10,o2e33_even_4,attaCGTCTCtCTGAAAAAAAAATCTCTCATATCCTACACATCCTCAGAAGAGCTTCTATGGAGAAGGCCTTCGGAGAGTCCCAGCCCACAACTCAAGGGCTTTGTCTGAACTCTGATTTATTGATGAAGCTTAAGCGGCTCGCTAAGAAAGGCCTGGGGGTGTCTTTGTCTTGAAGATAAAGTACAATAGGCCACAAGGGCCAAGATCTCTCGGACCAaGAGACGCGTCGGGCTCGACATCGGCAAGGTCGGACTGAATTCATGCCGTCTCtGATTATGTGCTGAGCAaGAGACGttaa,
11,o2e33_even_5,attaCGTCTCtCTGAGATGCTCTCAGGTCCTGCCTCTCTCTTGCCCTCTCCTCCCTGCAAATGCCAGCAGATGCTGAAAAAAAAAAAAACCCATCGGTGGTGTGGCTGGGAGTGCTGGGGACAAGCTGGGCCACTTGAGGTCTCCTTAAGAGGGTATTATGGCCAGGGAAAATATTTGCGCTCTAAGGATGGCACACTCCATTTGATAATGGCTCACCAaGAGACGCGTCGGGCTCGACATCGGCAAGGTCGGACTGAATTCATGCCGTCTCtGATTGTTCGTACAGCAaGAGACGttaa,
12,o2e33_even_6,attaCGTCTCtCTGATCATCTGCCTCAGATAATCGCCTCCCTCCCGGCTGTCAGGGGTGCAGCCACTGCCAATTCACAGCGCCCTCCGAGAAAGTACCCTTGTCTGTGATGACCAAGATGGGGACATTGTGTTTACCTACTTGAGCAGAGGAGAAGGTGACCGTGAGGGCAGCCTGCATTGTAAATTACAATTAAAACAGAAACAGACAGTTCCTACCAaGAGACGCGTCGGGCTCGACATCGGCAAGGTCGGACTGAATTCATGCCGTCTCtGATTAGGCTGTTAGCAaGAGACGttaa,
13,o2e33_even_7,attaCGTCTCtCTGAGCTCTGCCCTGGGACCCCCACCAATAAATTATGGGTGGACATTAGGGGAGAGCCCAGGAAAGGTTGGGTCCTGGGGAGGATCCCCCCATCCCATAGCCTACCGACAGGTCTTGGATATAGGGATAGGGCTACTTGGGAGTCAAGGTAGACTGGCTGGTTGACCACACACACACTGGGATCCTCAGGAGGTTCCCCCCACTACCAaGAGACGCGTCGGGCTCGACATCGGCAAGGTCGGACTGAATTCATGCCGTCTCtGATTCCGACGTAAGCAaGAGACGttaa,
14,o2e33_odd_1,attaCGTCTCtCTGACTGACCTCTATATCCTCTTCCTTTCTCCCTCCTTTGCTACTTTTCTACTGGATAAAAGGAGAGAGTGAGAGATAATTAACAAAAAACATGGCCCCGGGACAATGAAGCAACTGGCCTTGGCCGGCAAGCAACGATCCTGGTTTTCTAGGTAGAGTTTCTCCCATCAATCTTTCCTTTAACCTCCCTGTTCGTGGAAGCAAACCAaGAGACGCGTCGGGCTCGACATCGGCAAGGTCGGACTGAATTCATGCCGTCTCtGATTAGCTCACTAGCAaGAGACGttaa,
15,o2e33_odd_2,attaCGTCTCtCTGATAGAAACACCACCCCCTCCCCTGAGCAAATGCTTTCTTTTGACTGGAAACAAAAAGGGGGCCCGGCAAAGACGGAGGTGAAATCTGGGTGGTATGGGCACCGCACAATGGCCCCGCTGTTCCTGGCCCTGCTTGTGTTTTACAACAGGGGAGGGGCAGGCGCGAATGGTCCGATGGTGGAGACAATCCCCCTGATTCAGGACCAaGAGACGCGTCGGGCTCGACATCGGCAAGGTCGGACTGAATTCATGCCGTCTCtGATTAGAGACACAGCAaGAGACGttaa,
16,o2e33_odd_3,attaCGTCTCtCTGACTACAAATGCATCTTCTATTCCACACGGAGCTGAGCAGAAAGGATGGGGGTGACAAAGAGCATGGGCGGGGAGAGGGAAAACAAAATGTTTTCAGTTGAAAAAAAAAATCTCTCATATCCTACACATCCTCAGAAGAGCTTCTATGGAGAAGGCCTTCGGAGAGTCCCAGCCCACAACTCAAGGGCTTTGTCTGAACTCTACCAaGAGACGCGTCGGGCTCGACATCGGCAAGGTCGGACTGAATTCATGCCGTCTCtGATTACGAACACAGCAaGAGACGttaa,
17,o2e33_odd_4,attaCGTCTCtCTGAGATTTATTGATGAAGCTTAAGCGGCTCGCTAAGAAAGGCCTGGGGGTGTCTTTGTCTTGAAGATAAAGTACAATAGGCCACAAGGGCCAAGATCTCTCGGGATGCTCTCAGGTCCTGCCTCTCTCTTGCCCTCTCCTCCCTGCAAATGCCAGCAGATGCTGAAAAAAAAAAAAACCCATCGGTGGTGTGGCTGGGAGTGCACCAaGAGACGCGTCGGGCTCGACATCGGCAAGGTCGGACTGAATTCATGCCGTCTCtGATTAGAGCGGAAGCAaGAGACGttaa,
18,o2e33_odd_5,attaCGTCTCtCTGATGGGGACAAGCTGGGCCACTTGAGGTCTCCTTAAGAGGGTATTATGGCCAGGGAAAATATTTGCGCTCTAAGGATGGCACACTCCATTTGATAATGGCTCTCATCTGCCTCAGATAATCGCCTCCCTCCCGGCTGTCAGGGGTGCAGCCACTGCCAATTCACAGCGCCCTCCGAGAAAGTACCCTTGTCTGTGATGACCAACCAaGAGACGCGTCGGGCTCGACATCGGCAAGGTCGGACTGAATTCATGCCGTCTCtGATTAACCGAAGAGCAaGAGACGttaa,
19,o2e33_odd_6,attaCGTCTCtCTGAAGATGGGGACATTGTGTTTACCTACTTGAGCAGAGGAGAAGGTGACCGTGAGGGCAGCCTGCATTGTAAATTACAATTAAAACAGAAACAGACAGTTCCTGCTCTGCCCTGGGACCCCCACCAATAAATTATGGGTGGACATTAGGGGAGAGCCCAGGAAAGGTTGGGTCCTGGGGAGGATCCCCCCATCCCATAGCCTAACCAaGAGACGCGTCGGGCTCGACATCGGCAAGGTCGGACTGAATTCATGCCGTCTCtGATTGCTTGTCGAGCAaGAGACGttaa,
20,pax6_even_1,attaCGTCTCtCTGACTAAATAGCACCGCGGCGCCCGCTCTCCGGACAGTGATTAATGATAGCAGTGCAGAGGGGTTAACACACTTCGCTGAAAAGTCTGTTGACTGAGCTTCTTGTAACACAATGTGGCCCGCTGCACGCCTCGAGAGAATCCTTTTGTTGTCCGTGCTTATTGTGGCCTCAAAATTCTGCCCACGAAAGTTTGCCAACGCTCCACCAaGAGACGCGTCGGGCTCGACATCGGCAAGGTCGGACTGAATTCATGCCGTCTCtGATTCTTCCGTGAGCAaGAGACGttaa,
21,pax6_even_2,attaCGTCTCtCTGATGCCCCAGGAGTTTAATAGTTTCCCTTACTCGCGGGGCATTGTGTGGTGCTGAAAAGCAGCCCCTCGCTATTCAAGTGTTGGTGGTCATCTCAATAGATCTCCAAGGGCCCATATGGTGGCCAGTGCCGATGAATCCGCCTGTTTAAATGGGGGAGAAAGTTGGGGTTTTAAAACATTTCAAAGTTCCTGAAAAGATCCCACCAaGAGACGCGTCGGGCTCGACATCGGCAAGGTCGGACTGAATTCATGCCGTCTCtGATTACAGACCAAGCAaGAGACGttaa,
22,pax6_even_3,attaCGTCTCtCTGAACTAGATCCTGTCACAATTCCCTGAACGCTTTGAAGGCGCGGCCTATTGTCTCCTGGTTATAAATGATATTCCTGGCCAAGTCGATTCCCACAGAGGCCTGGCGCCCCCTCCCCCCAAACTAGCCAAGTTTCTAGGATCCGGAGAGAACAGTTCTTGTTGGTATCCCGTGGGGGCCACAGGCCTCAGGACCCAAGACAGCACCAaGAGACGCGTCGGGCTCGACATCGGCAAGGTCGGACTGAATTCATGCCGTCTCtGATTGAGTGCGTAGCAaGAGACGttaa,
23,pax6_odd_1,attaCGTCTCtCTGAGTAACACAATGTGGCCCGCTGCACGCCTCGAGAGAATCCTTTTGTTGTCCGTGCTTATTGTGGCCTCAAAATTCTGCCCACGAAAGTTTGCCAACGCTCCTGCCCCAGGAGTTTAATAGTTTCCCTTACTCGCGGGGCATTGTGTGGTGCTGAAAAGCAGCCCCTCGCTATTCAAGTGTTGGTGGTCATCTCAATAGATCACCAaGAGACGCGTCGGGCTCGACATCGGCAAGGTCGGACTGAATTCATGCCGTCTCtGATTCCTCTAGTAGCAaGAGACGttaa,
24,pax6_odd_2,attaCGTCTCtCTGATCCAAGGGCCCATATGGTGGCCAGTGCCGATGAATCCGCCTGTTTAAATGGGGGAGAAAGTTGGGGTTTTAAAACATTTCAAAGTTCCTGAAAAGATCCCACTAGATCCTGTCACAATTCCCTGAACGCTTTGAAGGCGCGGCCTATTGTCTCCTGGTTATAAATGATATTCCTGGCCAAGTCGATTCCCACAGAGGCCTACCAaGAGACGCGTCGGGCTCGACATCGGCAAGGTCGGACTGAATTCATGCCGTCTCtGATTCGAGTGGCAGCAaGAGACGttaa,
